"Tube_Line","From_Station","To_Station","Color"
"Bakerloo","Baker Street","Regents Park","Brown"
"Bakerloo","Charing Cross","Embankment","Brown"
"Bakerloo","Edgware Road","Marylebone","Brown"
"Bakerloo","Embankment","Waterloo","Brown"
"Bakerloo","Harlesden","Willesden Junction","Brown"
"Bakerloo","Harrow and Wealdstone","Kenton","Brown"
"Bakerloo","Kensal Green","Queens Park","Brown"
"Bakerloo","Kenton","South Kenton","Brown"
"Bakerloo","Kilburn Park","Maida Vale","Brown"
"Bakerloo","Lambeth North","Elephant and Castle","Brown"
"Bakerloo","Maida Vale","Warwick Avenue","Brown"
"Bakerloo","Marylebone","Baker Street","Brown"
"Bakerloo","North Wembley","Wembley Central","Brown"
"Bakerloo","Oxford Circus","Piccadilly Circus","Brown"
"Bakerloo","Paddington","Edgware Road","Brown"
"Bakerloo","Piccadilly Circus","Charing Cross","Brown"
"Bakerloo","Queens Park","Kilburn Park","Brown"
"Bakerloo","Regents Park","Oxford Circus","Brown"
"Bakerloo","South Kenton","North Wembley","Brown"
"Bakerloo","Stonebridge Park","Harlesden","Brown"
"Bakerloo","Warwick Avenue","Paddington","Brown"
"Bakerloo","Waterloo","Lambeth North","Brown"
"Bakerloo","Wembley Central","Stonebridge Park","Brown"
"Bakerloo","Willesden Junction","Kensal Green","Brown"
"C2C","Barking","Dagenham Dock","Violet"
"C2C","Barking","Upminster","Violet"
"C2C","Dagenham Dock","Purfleet","Violet"
"C2C","Dagenham Dock","Rainham","Violet"
"C2C","Fenchurch Street","Limehouse","Violet"
"C2C","Fenchurch Street","Stratford","Violet"
"C2C","Limehouse","West Ham","Violet"
"C2C","Liverpool Street","Stratford","Violet"
"C2C","Ockendon","Chafford Hundred","Violet"
"C2C","Stratford","Barking","Violet"
"C2C","Upminster","Ockendon","Violet"
"C2C","West Ham","Barking","Violet"
"Central","Bank","St. Pauls","Red"
"Central","Barkingside","Fairlop","Red"
"Central","Bethnal Green","Liverpool Street","Red"
"Central","Bond Street","Marble Arch","Red"
"Central","Buckhurst Hill","Woodford","Red"
"Central","Chancery Lane","Holborn","Red"
"Central","Chigwell","Roding Valley","Red"
"Central","Debden","Loughton","Red"
"Central","East Acton","North Acton","Red"
"Central","Epping","Theydon Bois","Red"
"Central","Fairlop","Hainault","Red"
"Central","Gants Hill","Newbury Park","Red"
"Central","Grange Hill","Chigwell","Red"
"Central","Greenford","Northolt","Red"
"Central","Hainault","Grange Hill","Red"
"Central","Hanger Lane","Perivale","Red"
"Central","Holborn","Tottenham Court Road","Red"
"Central","Holland Park","Shepherds Bush","Red"
"Central","Lancaster Gate","Queensway","Red"
"Central","Leyton","Stratford","Red"
"Central","Leytonstone","Leyton","Red"
"Central","Leytonstone","Wanstead","Red"
"Central","Liverpool Street","Bank","Red"
"Central","Loughton","Buckhurst Hill","Red"
"Central","Marble Arch","Lancaster Gate","Red"
"Central","Mile End","Bethnal Green","Red"
"Central","Newbury Park","Barkingside","Red"
"Central","North Acton","Hanger Lane","Red"
"Central","North Acton","West Acton","Red"
"Central","Northolt","South Ruislip","Red"
"Central","Notting Hill Gate","Holland Park","Red"
"Central","Oxford Circus","Bond Street","Red"
"Central","Perivale","Greenford","Red"
"Central","Queensway","Notting Hill Gate","Red"
"Central","Redbridge","Gants Hill","Red"
"Central","Ruislip Gardens","West Ruislip","Red"
"Central","Shepherds Bush","White City","Red"
"Central","Snaresbrook","Leytonstone","Red"
"Central","South Ruislip","Ruislip Gardens","Red"
"Central","South Woodford","Snaresbrook","Red"
"Central","St. Pauls","Chancery Lane","Red"
"Central","Stratford","Mile End","Red"
"Central","Theydon Bois","Debden","Red"
"Central","Tottenham Court Road","Oxford Circus","Red"
"Central","Wanstead","Redbridge","Red"
"Central","West Acton","Ealing Broadway","Red"
"Central","White City","East Acton","Red"
"Central","Woodford","South Woodford","Red"
"Chiltern Railways","Chalfont and Latimer","Amersham","Turquoise"
"Chiltern Railways","Chorleywood","Chalfont and Latimer","Turquoise"
"Chiltern Railways","Harrow-on-the-Hill","Rickmansworth","Turquoise"
"Chiltern Railways","Marylebone","Harrow-on-the-Hill","Turquoise"
"Chiltern Railways","Marylebone","Wembley Stadium","Turquoise"
"Chiltern Railways","Northolt Park","South Ruislip","Turquoise"
"Chiltern Railways","Paddington","South Ruislip","Turquoise"
"Chiltern Railways","Rickmansworth","Chorleywood","Turquoise"
"Chiltern Railways","South Ruislip","West Ruislip","Turquoise"
"Chiltern Railways","Sudbury and Harrow Road","Sudbury Hill Harrow","Turquoise"
"Chiltern Railways","Sudbury Hill Harrow","Northolt Park","Turquoise"
"Chiltern Railways","Wembley Stadium","Sudbury and Harrow Road","Turquoise"
"Circle","Aldgate","Tower Hill","Yellow"
"Circle","Baker Street","Great Portland Street","Yellow"
"Circle","Barbican","Moorgate","Yellow"
"Circle","Bayswater","Paddington","Yellow"
"Circle","Blackfriars","Temple","Yellow"
"Circle","Cannon Street","Mansion House","Yellow"
"Circle","Edgware Road","Baker Street","Yellow"
"Circle","Embankment","Westminster","Yellow"
"Circle","Euston Square","Kings Cross St. Pancras","Yellow"
"Circle","Farringdon","Barbican","Yellow"
"Circle","Gloucester Road","High Street Kensington","Yellow"
"Circle","Goldhawk Road","Shepherds Bush Market","Yellow"
"Circle","Great Portland Street","Euston Square","Yellow"
"Circle","Hammersmith","Goldhawk Road","Yellow"
"Circle","High Street Kensington","Notting Hill Gate","Yellow"
"Circle","Kings Cross St. Pancras","Farringdon","Yellow"
"Circle","Ladbroke Grove","Westbourne Park","Yellow"
"Circle","Latimer Road","Ladbroke Grove","Yellow"
"Circle","Liverpool Street","Aldgate","Yellow"
"Circle","Mansion House","Blackfriars","Yellow"
"Circle","Monument","Cannon Street","Yellow"
"Circle","Moorgate","Liverpool Street","Yellow"
"Circle","Notting Hill Gate","Bayswater","Yellow"
"Circle","Paddington","Edgware Road","Yellow"
"Circle","Royal Oak","Paddington","Yellow"
"Circle","Shepherds Bush Market","Wood Lane","Yellow"
"Circle","Sloane Square","South Kensington","Yellow"
"Circle","South Kensington","Gloucester Road","Yellow"
"Circle","St. James's Park","Victoria","Yellow"
"Circle","Temple","Embankment","Yellow"
"Circle","Tower Hill","Monument","Yellow"
"Circle","Victoria","Sloane Square","Yellow"
"Circle","Westbourne Park","Royal Oak","Yellow"
"Circle","Westminster","St. James's Park","Yellow"
"Circle","Wood Lane","Latimer Road","Yellow"
"District","Acton Town","Ealing Common","Green"
"District","Aldgate East","Tower Hill","Green"
"District","Barking","East Ham","Green"
"District","Barons Court","Hammersmith","Green"
"District","Bayswater","Paddington","Green"
"District","Becontree","Upney","Green"
"District","Blackfriars","Temple","Green"
"District","Bow Church","Stepney Green","Green"
"District","Bow Road","Bow Church","Green"
"District","Bromley-by-Bow","Bow Road","Green"
"District","Cannon Street","Mansion House","Green"
"District","Chiswick Park","Acton Town","Green"
"District","Dagenham East","Dagenham Heathway","Green"
"District","Dagenham Heathway","Becontree","Green"
"District","Ealing Common","Ealing Broadway","Green"
"District","Earls Court","High Street Kensington","Green"
"District","Earls Court","Kensington","Green"
"District","Earls Court","West Brompton","Green"
"District","Earls Court","West Kensington","Green"
"District","East Ham","Upton Park","Green"
"District","East Putney","Southfields","Green"
"District","Elm Park","Dagenham East","Green"
"District","Embankment","Westminster","Green"
"District","Fulham Broadway","Parsons Green","Green"
"District","Gloucester Road","Earls Court","Green"
"District","Gunnersbury","Kew Gardens","Green"
"District","Hammersmith","Ravenscourt Park","Green"
"District","High Street Kensington","Notting Hill Gate","Green"
"District","Hornchurch","Elm Park","Green"
"District","Kew Gardens","Richmond","Green"
"District","Mansion House","Blackfriars","Green"
"District","Monument","Cannon Street","Green"
"District","Notting Hill Gate","Bayswater","Green"
"District","Paddington","Edgware Road","Green"
"District","Parsons Green","Putney Bridge","Green"
"District","Plaistow","West Ham","Green"
"District","Putney Bridge","East Putney","Green"
"District","Ravenscourt Park","Stamford Brook","Green"
"District","Sloane Square","South Kensington","Green"
"District","South Kensington","Gloucester Road","Green"
"District","Southfields","Wimbledon Park","Green"
"District","St. James's Park","Victoria","Green"
"District","Stamford Brook","Turnham Green","Green"
"District","Stepney Green","Whitechapel","Green"
"District","Temple","Embankment","Green"
"District","Tower Hill","Monument","Green"
"District","Turnham Green","Chiswick Park","Green"
"District","Turnham Green","Gunnersbury","Green"
"District","Upminster","Upminster Bridge","Green"
"District","Upminster Bridge","Hornchurch","Green"
"District","Upney","Barking","Green"
"District","Upton Park","Plaistow","Green"
"District","Victoria","Sloane Square","Green"
"District","West Brompton","Fulham Broadway","Green"
"District","West Ham","Bromley-by-Bow","Green"
"District","West Kensington","Barons Court","Green"
"District","Westminster","St. James's Park","Green"
"District","Whitechapel","Aldgate East","Green"
"District","Wimbledon Park","Wimbledon","Green"
"DLR","Abbey Road","West Ham","Turquoise"
"DLR","All Saints","Poplar","Turquoise"
"DLR","Beckton Park","Cyprus","Turquoise"
"DLR","Blackwall","East India","Turquoise"
"DLR","Bow Church","Devons Road","Turquoise"
"DLR","Canary Wharf","Heron Quays","Turquoise"
"DLR","Canning Town","Royal Victoria","Turquoise"
"DLR","Canning Town","West Silvertown","Turquoise"
"DLR","Crossharbour and London Arena","Mudchute","Turquoise"
"DLR","Custom House","Prince Regent","Turquoise"
"DLR","Cutty Sark for Maritime Greenwich","Greenwich","Turquoise"
"DLR","Cyprus","Gallions Reach","Turquoise"
"DLR","Deptford Bridge","Elverson Road","Turquoise"
"DLR","Devons Road","Langdon Park","Turquoise"
"DLR","East India","Canning Town","Turquoise"
"DLR","Elverson Road","Lewisham","Turquoise"
"DLR","Gallions Reach","Beckton","Turquoise"
"DLR","Greenwich","Deptford Bridge","Turquoise"
"DLR","Heron Quays","South Quay","Turquoise"
"DLR","Island Gardens","Cutty Sark for Maritime Greenwich","Turquoise"
"DLR","King George V","Woolwich Arsenal","Turquoise"
"DLR","Langdon Park","All Saints","Turquoise"
"DLR","Limehouse","Shadwell","Turquoise"
"DLR","London City Airport","King George V","Turquoise"
"DLR","Mudchute","Island Gardens","Turquoise"
"DLR","Pontoon Dock","London City Airport","Turquoise"
"DLR","Poplar","Blackwall","Turquoise"
"DLR","Poplar","West India Quay","Turquoise"
"DLR","Poplar","Westferry","Turquoise"
"DLR","Prince Regent","Royal Albert","Turquoise"
"DLR","Pudding Mill Lane","Bow Church","Turquoise"
"DLR","Royal Albert","Beckton Park","Turquoise"
"DLR","Royal Victoria","Custom House","Turquoise"
"DLR","Shadwell","Bank","Turquoise"
"DLR","Shadwell","Tower Gateway","Turquoise"
"DLR","South Quay","Crossharbour and London Arena","Turquoise"
"DLR","Star Lane","Canning Town","Turquoise"
"DLR","Stratford","Pudding Mill Lane","Turquoise"
"DLR","Stratford","Stratford High Street","Turquoise"
"DLR","Stratford High Street","Abbey Road","Turquoise"
"DLR","Stratford International","Stratford","Turquoise"
"DLR","West Ham","Star Lane","Turquoise"
"DLR","West India Quay","Canary Wharf","Turquoise"
"DLR","West Silvertown","Pontoon Dock","Turquoise"
"DLR","Westferry","Limehouse","Turquoise"
"Elizabeth","Acton Main Line","Ealing Broadway","Purple"
"Elizabeth","Bond Street","Paddington","Purple"
"Elizabeth","Brentwood","Harold Wood","Purple"
"Elizabeth","Burnham","Taplow","Purple"
"Elizabeth","Canary Wharf","Custom House","Purple"
"Elizabeth","Chadwell Heath","Goodmayes","Purple"
"Elizabeth","Custom House","Woolwich","Purple"
"Elizabeth","Ealing Broadway","West Ealing","Purple"
"Elizabeth","Farringdon","Tottenham Court Road","Purple"
"Elizabeth","Forest Gate","Maryland","Purple"
"Elizabeth","Gidea Park","Romford","Purple"
"Elizabeth","Goodmayes","Seven Kings","Purple"
"Elizabeth","Hanwell","Southall","Purple"
"Elizabeth","Harold Wood","Gidea Park","Purple"
"Elizabeth","Hayes and Harlington","Heathrow Terminals 1 2 3","Purple"
"Elizabeth","Hayes and Harlington","West Drayton","Purple"
"Elizabeth","Heathrow Terminals 1 2 3","Heathrow Terminal 4","Purple"
"Elizabeth","Heathrow Terminals 1 2 3","Heathrow Terminal 5","Purple"
"Elizabeth","Ilford","Manor Park","Purple"
"Elizabeth","Iver","Langley","Purple"
"Elizabeth","Langley","Slough","Purple"
"Elizabeth","Liverpool Street","Farringdon","Purple"
"Elizabeth","Maidenhead","Twyford","Purple"
"Elizabeth","Manor Park","Forest Gate","Purple"
"Elizabeth","Maryland","Stratford","Purple"
"Elizabeth","Paddington","Acton Main Line","Purple"
"Elizabeth","Romford","Chadwell Heath","Purple"
"Elizabeth","Seven Kings","Ilford","Purple"
"Elizabeth","Shenfield","Brentwood","Purple"
"Elizabeth","Slough","Burnham","Purple"
"Elizabeth","Southall","Hayes and Harlington","Purple"
"Elizabeth","Stratford","Whitechapel","Purple"
"Elizabeth","Taplow","Maidenhead","Purple"
"Elizabeth","Tottenham Court Road","Bond Street","Purple"
"Elizabeth","Twyford","Reading","Purple"
"Elizabeth","West Drayton","Iver","Purple"
"Elizabeth","West Ealing","Hanwell","Purple"
"Elizabeth","Whitechapel","Canary Wharf","Purple"
"Elizabeth","Whitechapel","Liverpool Street","Purple"
"Elizabeth","Woolwich","Abbey Wood","Purple"
"Great Northern","Alexandra Palace","Bowes Park","Blue"
"Great Northern","Alexandra Palace","New Southgate","Blue"
"Great Northern","Bowes Park","Palmers Green","Blue"
"Great Northern","Drayton Park","Finsbury Park","Blue"
"Great Northern","Enfield Chase","Gordon Hill","Blue"
"Great Northern","Essex Road","Highbury and Islington","Blue"
"Great Northern","Finsbury Park","Harringay","Blue"
"Great Northern","Gordon Hill","Crews Hill","Blue"
"Great Northern","Grange Park","Enfield Chase","Blue"
"Great Northern","Harringay","Hornsey","Blue"
"Great Northern","Highbury and Islington","Drayton Park","Blue"
"Great Northern","Hornsey","Alexandra Palace","Blue"
"Great Northern","King's Cross","Finsbury Park","Blue"
"Great Northern","Moorgate","Old Street","Blue"
"Great Northern","New Barnet","Hadley Wood","Blue"
"Great Northern","New Southgate","Oakleigh Park","Blue"
"Great Northern","Oakleigh Park","New Barnet","Blue"
"Great Northern","Old Street","Essex Road","Blue"
"Great Northern","Palmers Green","Winchmore Hill","Blue"
"Great Northern","Winchmore Hill","Grange Park","Blue"
"Great Western","Acton Main Line","Ealing Broadway","Dark green"
"Great Western","Castle Bar Park","South Greenford","Dark green"
"Great Western","Drayton Green","Castle Bar Park","Dark green"
"Great Western","Ealing Broadway","West Ealing","Dark green"
"Great Western","Hanwell","Southall","Dark green"
"Great Western","Hayes and Harlington","West Drayton","Dark green"
"Great Western","Paddington","Acton Main Line","Dark green"
"Great Western","South Greenford","Greenford","Dark green"
"Great Western","Southall","Hayes and Harlington","Dark green"
"Great Western","West Ealing","Drayton Green","Dark green"
"Great Western","West Ealing","Hanwell","Dark green"
"Greater Anglia","Angel Road","Ponders End","Red"
"Greater Anglia","Brentwood","Shenfield","Red"
"Greater Anglia","Brimsdown","Enfield Lock","Red"
"Greater Anglia","Cheshunt","Broxbourne","Red"
"Greater Anglia","Edmonton Green","Cheshunt","Red"
"Greater Anglia","Enfield Lock","Waltham Cross","Red"
"Greater Anglia","Gidea Park","Harold Wood","Red"
"Greater Anglia","Hackney Downs","Seven Sisters","Red"
"Greater Anglia","Hackney Downs","Tottenham Hale","Red"
"Greater Anglia","Harold Wood","Brentwood","Red"
"Greater Anglia","Lea Bridge","Tottenham Hale","Red"
"Greater Anglia","Liverpool Street","Hackney Downs","Red"
"Greater Anglia","Liverpool Street","Stratford","Red"
"Greater Anglia","Meridian Water","Angel Road","Red"
"Greater Anglia","Northumberland Park","Meridian Water","Red"
"Greater Anglia","Ponders End","Brimsdown","Red"
"Greater Anglia","Romford","Gidea Park","Red"
"Greater Anglia","Seven Kings","Romford","Red"
"Greater Anglia","Seven Sisters","Edmonton Green","Red"
"Greater Anglia","Stratford","Lea Bridge","Red"
"Greater Anglia","Stratford","Seven Kings","Red"
"Greater Anglia","Tottenham Hale","Northumberland Park","Red"
"Greater Anglia","Waltham Cross","Cheshunt","Red"
"Hammersmith and City","Aldgate East","Whitechapel","Pink"
"Hammersmith and City","Baker Street","Great Portland Street","Pink"
"Hammersmith and City","Barbican","Moorgate","Pink"
"Hammersmith and City","Bow Road","Bromley-by-Bow","Pink"
"Hammersmith and City","Bromley-by-Bow","West Ham","Pink"
"Hammersmith and City","East Ham","Barking","Pink"
"Hammersmith and City","Edgware Road","Baker Street","Pink"
"Hammersmith and City","Euston Square","Kings Cross St. Pancras","Pink"
"Hammersmith and City","Farringdon","Barbican","Pink"
"Hammersmith and City","Goldhawk Road","Shepherds Bush Market","Pink"
"Hammersmith and City","Great Portland Street","Euston Square","Pink"
"Hammersmith and City","Hammersmith","Goldhawk Road","Pink"
"Hammersmith and City","Kings Cross St. Pancras","Farringdon","Pink"
"Hammersmith and City","Ladbroke Grove","Westbourne Park","Pink"
"Hammersmith and City","Latimer Road","Ladbroke Grove","Pink"
"Hammersmith and City","Liverpool Street","Aldgate East","Pink"
"Hammersmith and City","Mile End","Bow Road","Pink"
"Hammersmith and City","Moorgate","Liverpool Street","Pink"
"Hammersmith and City","Paddington","Edgware Road","Pink"
"Hammersmith and City","Plaistow","Upton Park","Pink"
"Hammersmith and City","Royal Oak","Paddington","Pink"
"Hammersmith and City","Shepherds Bush Market","Wood Lane","Pink"
"Hammersmith and City","Stepney Green","Mile End","Pink"
"Hammersmith and City","Upton Park","East Ham","Pink"
"Hammersmith and City","West Ham","Plaistow","Pink"
"Hammersmith and City","Westbourne Park","Royal Oak","Pink"
"Hammersmith and City","Whitechapel","Stepney Green","Pink"
"Hammersmith and City","Wood Lane","Latimer Road","Pink"
"Heathrow Connect","Ealing Broadway","West Ealing","Violet"
"Heathrow Connect","Hanwell","Southall","Violet"
"Heathrow Connect","Hayes and Harlington","Heathrow Terminals 1 2 3","Violet"
"Heathrow Connect","Heathrow Terminals 1 2 3","Heathrow Terminal 4","Violet"
"Heathrow Connect","Heathrow Terminals 1 2 3","Heathrow Terminal 5","Violet"
"Heathrow Connect","Paddington","Ealing Broadway","Violet"
"Heathrow Connect","Southall","Hayes and Harlington","Violet"
"Heathrow Connect","West Ealing","Hanwell","Violet"
"Heathrow Express","Heathrow Terminals 1 2 3","Heathrow Terminal 4","Violet"
"Heathrow Express","Heathrow Terminals 1 2 3","Heathrow Terminal 5","Violet"
"Heathrow Express","Paddington","Heathrow Terminals 1 2 3","Violet"
"Jubilee","Baker Street","Bond Street","Grey"
"Jubilee","Bermondsey","Canada Water","Grey"
"Jubilee","Bond Street","Green Park","Grey"
"Jubilee","Canada Water","Canary Wharf","Grey"
"Jubilee","Canary Wharf","North Greenwich","Grey"
"Jubilee","Canning Town","West Ham","Grey"
"Jubilee","Canons Park","Queensbury","Grey"
"Jubilee","Dollis Hill","Willesden Green","Grey"
"Jubilee","Finchley Road","Swiss Cottage","Grey"
"Jubilee","Green Park","Westminster","Grey"
"Jubilee","Kilburn","West Hampstead","Grey"
"Jubilee","Kingsbury","Wembley Park","Grey"
"Jubilee","London Bridge","Bermondsey","Grey"
"Jubilee","Neasden","Dollis Hill","Grey"
"Jubilee","North Greenwich","Canning Town","Grey"
"Jubilee","Queensbury","Kingsbury","Grey"
"Jubilee","Southwark","London Bridge","Grey"
"Jubilee","St. Johns Wood","Baker Street","Grey"
"Jubilee","Stanmore","Canons Park","Grey"
"Jubilee","Swiss Cottage","St. Johns Wood","Grey"
"Jubilee","Waterloo","Southwark","Grey"
"Jubilee","Wembley Park","Neasden","Grey"
"Jubilee","West Ham","Stratford","Grey"
"Jubilee","West Hampstead","Finchley Road","Grey"
"Jubilee","Westminster","Waterloo","Grey"
"Jubilee","Willesden Green","Kilburn","Grey"
"London Midland","Bushey","Watford Junction","Orange"
"London Midland","Euston","Wembley Central","Orange"
"London Midland","Harrow and Wealdstone","Bushey","Orange"
"London Midland","Wembley Central","Harrow and Wealdstone","Orange"
"Metropolitan","Aldgate","Liverpool Street","Violet"
"Metropolitan","Baker Street","Finchley Road","Violet"
"Metropolitan","Barbican","Farringdon","Violet"
"Metropolitan","Chalfont and Latimer","Amersham","Violet"
"Metropolitan","Chalfont and Latimer","Chesham","Violet"
"Metropolitan","Chorleywood","Chalfont and Latimer","Violet"
"Metropolitan","Croxley","Watford","Violet"
"Metropolitan","Eastcote","Ruislip Manor","Violet"
"Metropolitan","Euston Square","Great Portland Street","Violet"
"Metropolitan","Farringdon","Kings Cross St. Pancras","Violet"
"Metropolitan","Finchley Road","Wembley Park","Violet"
"Metropolitan","Great Portland Street","Baker Street","Violet"
"Metropolitan","Harrow-on-the-Hill","North Harrow","Violet"
"Metropolitan","Harrow-on-the-Hill","West Harrow","Violet"
"Metropolitan","Hillingdon","Uxbridge","Violet"
"Metropolitan","Ickenham","Hillingdon","Violet"
"Metropolitan","Kings Cross St. Pancras","Euston Square","Violet"
"Metropolitan","Liverpool Street","Moorgate","Violet"
"Metropolitan","Moor Park","Croxley","Violet"
"Metropolitan","Moor Park","Rickmansworth","Violet"
"Metropolitan","Moorgate","Barbican","Violet"
"Metropolitan","North Harrow","Pinner","Violet"
"Metropolitan","Northwick Park","Harrow-on-the-Hill","Violet"
"Metropolitan","Northwood","Moor Park","Violet"
"Metropolitan","Northwood Hills","Northwood","Violet"
"Metropolitan","Pinner","Northwood Hills","Violet"
"Metropolitan","Preston Road","Northwick Park","Violet"
"Metropolitan","Rickmansworth","Chorleywood","Violet"
"Metropolitan","Ruislip","Ickenham","Violet"
"Metropolitan","Ruislip Manor","Ruislip","Violet"
"Metropolitan","Wembley Park","Preston Road","Violet"
"Metropolitan","West Harrow","Eastcote","Violet"
"Northern","Angel","Kings Cross St. Pancras","Black"
"Northern","Archway","Highgate","Black"
"Northern","Balham","Clapham South","Black"
"Northern","Bank","Moorgate","Black"
"Northern","Belsize Park","Hampstead","Black"
"Northern","Borough","London Bridge","Black"
"Northern","Brent Cross","Hendon Central","Black"
"Northern","Burnt Oak","Edgware","Black"
"Northern","Camden Town","Chalk Farm","Black"
"Northern","Camden Town","Kentish Town","Black"
"Northern","Chalk Farm","Belsize Park","Black"
"Northern","Charing Cross","Leicester Square","Black"
"Northern","Clapham Common","Clapham North","Black"
"Northern","Clapham North","Stockwell","Black"
"Northern","Clapham South","Clapham Common","Black"
"Northern","Colindale","Burnt Oak","Black"
"Northern","Colliers Wood","Tooting Broadway","Black"
"Northern","East Finchley","Finchley Central","Black"
"Northern","East Finchley","Mill Hill East","Black"
"Northern","Elephant and Castle","Borough","Black"
"Northern","Embankment","Charing Cross","Black"
"Northern","Euston","Camden Town","Black"
"Northern","Euston","Mornington Crescent","Black"
"Northern","Finchley Central","West Finchley","Black"
"Northern","Golders Green","Brent Cross","Black"
"Northern","Goodge Street","Warren Street","Black"
"Northern","Hampstead","Golders Green","Black"
"Northern","Hendon Central","Colindale","Black"
"Northern","Highgate","East Finchley","Black"
"Northern","Kennington","Elephant and Castle","Black"
"Northern","Kennington","Nine Elms","Black"
"Northern","Kennington","Waterloo","Black"
"Northern","Kentish Town","Tufnell Park","Black"
"Northern","Kings Cross St. Pancras","Euston","Black"
"Northern","Leicester Square","Tottenham Court Road","Black"
"Northern","London Bridge","Bank","Black"
"Northern","Moorgate","Old Street","Black"
"Northern","Morden","South Wimbledon","Black"
"Northern","Mornington Crescent","Camden Town","Black"
"Northern","Nine Elms","Battersea Power Station","Black"
"Northern","Old Street","Angel","Black"
"Northern","Oval","Kennington","Black"
"Northern","South Wimbledon","Colliers Wood","Black"
"Northern","Stockwell","Oval","Black"
"Northern","Tooting Bec","Balham","Black"
"Northern","Tooting Broadway","Tooting Bec","Black"
"Northern","Tottenham Court Road","Goodge Street","Black"
"Northern","Totteridge and Whetstone","High Barnet","Black"
"Northern","Tufnell Park","Archway","Black"
"Northern","Warren Street","Euston","Black"
"Northern","Waterloo","Embankment","Black"
"Northern","West Finchley","Woodside Park","Black"
"Northern","Woodside Park","Totteridge and Whetstone","Black"
"Overground","Acton Central","Willesden Junction","Orange"
"Overground","Anerley","Norwood Junction","Orange"
"Overground","Bethnal Green","Cambridge Heath","Orange"
"Overground","Blackhorse Road","Walthamstow Queens Road","Orange"
"Overground","Brockley","Honor Oak Park","Orange"
"Overground","Brondesbury","West Hampstead","Orange"
"Overground","Brondesbury Park","Brondesbury","Orange"
"Overground","Bruce Grove","White Hart Lane","Orange"
"Overground","Bush Hill Park","Enfield Town","Orange"
"Overground","Bushey","Carpenders Park","Orange"
"Overground","Caledonian Road and Barnsbury","Highbury and Islington","Orange"
"Overground","Cambridge Heath","London Fields","Orange"
"Overground","Camden Road","Caledonian Road and Barnsbury","Orange"
"Overground","Canada Water","Surrey Quays","Orange"
"Overground","Canonbury","Dalston Junction","Orange"
"Overground","Canonbury","Dalston Kingsland","Orange"
"Overground","Carpenders Park","Hatch End","Orange"
"Overground","Clapham High Street","Wandsworth Road","Orange"
"Overground","Clapton","St James Street","Orange"
"Overground","Crouch Hill","Harringay Green Lanes","Orange"
"Overground","Dalston Junction","Haggerston","Orange"
"Overground","Dalston Kingsland","Hackney Central","Orange"
"Overground","Denmark Hill","Clapham High Street","Orange"
"Overground","Edmonton Green","Bush Hill Park","Orange"
"Overground","Edmonton Green","Southbury","Orange"
"Overground","Emerson Park","Upminster","Orange"
"Overground","Finchley Road and Frognal","Hampstead Heath","Orange"
"Overground","Forest Hill","Sydenham","Orange"
"Overground","Gospel Oak","Kentish Town West","Orange"
"Overground","Gospel Oak","Upper Holloway","Orange"
"Overground","Gunnersbury","South Acton","Orange"
"Overground","Hackney Central","Homerton","Orange"
"Overground","Hackney Downs","Clapton","Orange"
"Overground","Hackney Downs","Rectory Road","Orange"
"Overground","Hackney Wick","Stratford","Orange"
"Overground","Haggerston","Hoxton","Orange"
"Overground","Hampstead Heath","Gospel Oak","Orange"
"Overground","Harlesden","Willesden Junction","Orange"
"Overground","Harringay Green Lanes","South Tottenham","Orange"
"Overground","Harrow and Wealdstone","Kenton","Orange"
"Overground","Hatch End","Headstone Lane","Orange"
"Overground","Headstone Lane","Harrow and Wealdstone","Orange"
"Overground","Highams Park","Chingford","Orange"
"Overground","Highbury and Islington","Canonbury","Orange"
"Overground","Homerton","Hackney Wick","Orange"
"Overground","Honor Oak Park","Forest Hill","Orange"
"Overground","Hoxton","Shoreditch High Street","Orange"
"Overground","Imperial Wharf","Clapham Junction","Orange"
"Overground","Kensal Green","Queens Park","Orange"
"Overground","Kensal Rise","Brondesbury Park","Orange"
"Overground","Kensington","West Brompton","Orange"
"Overground","Kentish Town West","Camden Road","Orange"
"Overground","Kenton","South Kenton","Orange"
"Overground","Kew Gardens","Gunnersbury","Orange"
"Overground","Kilburn High Road","South Hampstead","Orange"
"Overground","Leyton Midland Road","Leytonstone High Road","Orange"
"Overground","Leytonstone High Road","Wanstead Park","Orange"
"Overground","Liverpool Street","Bethnal Green","Orange"
"Overground","London Fields","Hackney Downs","Orange"
"Overground","New Cross Gate","Brockley","Orange"
"Overground","North Wembley","Wembley Central","Orange"
"Overground","Norwood Junction","West Croydon","Orange"
"Overground","Peckham Rye","Denmark Hill","Orange"
"Overground","Penge West","Anerley","Orange"
"Overground","Queens Park","Kilburn High Road","Orange"
"Overground","Queens Road Peckham","Peckham Rye","Orange"
"Overground","Rectory Road","Stoke Newington","Orange"
"Overground","Richmond","Kew Gardens","Orange"
"Overground","Romford","Emerson Park","Orange"
"Overground","Rotherhithe","Canada Water","Orange"
"Overground","Seven Sisters","Bruce Grove","Orange"
"Overground","Shadwell","Wapping","Orange"
"Overground","Shepherds Bush","Kensington","Orange"
"Overground","Shoreditch High Street","Whitechapel","Orange"
"Overground","Silver Street","Edmonton Green","Orange"
"Overground","South Acton","Acton Central","Orange"
"Overground","South Hampstead","Euston","Orange"
"Overground","South Kenton","North Wembley","Orange"
"Overground","South Tottenham","Blackhorse Road","Orange"
"Overground","Southbury","Turkey Street","Orange"
"Overground","St James Street","Walthamstow Central","Orange"
"Overground","Stamford Hill","Seven Sisters","Orange"
"Overground","Stoke Newington","Stamford Hill","Orange"
"Overground","Stonebridge Park","Harlesden","Orange"
"Overground","Surrey Quays","New Cross","Orange"
"Overground","Surrey Quays","New Cross Gate","Orange"
"Overground","Surrey Quays","Queens Road Peckham","Orange"
"Overground","Sydenham","Crystal Palace","Orange"
"Overground","Sydenham","Penge West","Orange"
"Overground","Theobalds Grove","Cheshunt","Orange"
"Overground","Turkey Street","Theobalds Grove","Orange"
"Overground","Upper Holloway","Crouch Hill","Orange"
"Overground","Walthamstow Central","Wood Street","Orange"
"Overground","Walthamstow Queens Road","Leyton Midland Road","Orange"
"Overground","Wandsworth Road","Clapham Junction","Orange"
"Overground","Wanstead Park","Woodgrange Park","Orange"
"Overground","Wapping","Rotherhithe","Orange"
"Overground","Watford High Street","Bushey","Orange"
"Overground","Watford Junction","Watford High Street","Orange"
"Overground","Wembley Central","Stonebridge Park","Orange"
"Overground","West Brompton","Imperial Wharf","Orange"
"Overground","West Hampstead","Finchley Road and Frognal","Orange"
"Overground","White Hart Lane","Silver Street","Orange"
"Overground","Whitechapel","Shadwell","Orange"
"Overground","Willesden Junction","Kensal Green","Orange"
"Overground","Willesden Junction","Kensal Rise","Orange"
"Overground","Willesden Junction","Shepherds Bush","Orange"
"Overground","Wood Street","Highams Park","Orange"
"Overground","Woodgrange Park","Barking","Orange"
"Piccadilly","Acton Town","Ealing Common","Blue"
"Piccadilly","Acton Town","South Ealing","Blue"
"Piccadilly","Alperton","Sudbury Town","Blue"
"Piccadilly","Arnos Grove","Bounds Green","Blue"
"Piccadilly","Arsenal","Holloway Road","Blue"
"Piccadilly","Barons Court","Hammersmith","Blue"
"Piccadilly","Boston Manor","Osterley","Blue"
"Piccadilly","Bounds Green","Wood Green","Blue"
"Piccadilly","Caledonian Road","Kings Cross St. Pancras","Blue"
"Piccadilly","Cockfosters","Oakwood","Blue"
"Piccadilly","Covent Garden","Leicester Square","Blue"
"Piccadilly","Ealing Common","North Ealing","Blue"
"Piccadilly","Earls Court","Barons Court","Blue"
"Piccadilly","Eastcote","Ruislip Manor","Blue"
"Piccadilly","Finsbury Park","Arsenal","Blue"
"Piccadilly","Gloucester Road","Earls Court","Blue"
"Piccadilly","Green Park","Hyde Park Corner","Blue"
"Piccadilly","Hammersmith","Turnham Green","Blue"
"Piccadilly","Hatton Cross","Heathrow Terminal 4","Blue"
"Piccadilly","Hatton Cross","Heathrow Terminals 1 2 3","Blue"
"Piccadilly","Heathrow Terminals 1 2 3","Heathrow Terminal 4","Blue"
"Piccadilly","Heathrow Terminals 1 2 3","Heathrow Terminal 5","Blue"
"Piccadilly","Hillingdon","Uxbridge","Blue"
"Piccadilly","Holborn","Covent Garden","Blue"
"Piccadilly","Holloway Road","Caledonian Road","Blue"
"Piccadilly","Hounslow Central","Hounslow West","Blue"
"Piccadilly","Hounslow East","Hounslow Central","Blue"
"Piccadilly","Hounslow West","Hatton Cross","Blue"
"Piccadilly","Hyde Park Corner","Knightsbridge","Blue"
"Piccadilly","Ickenham","Hillingdon","Blue"
"Piccadilly","Kings Cross St. Pancras","Russell Square","Blue"
"Piccadilly","Knightsbridge","South Kensington","Blue"
"Piccadilly","Leicester Square","Piccadilly Circus","Blue"
"Piccadilly","Manor House","Finsbury Park","Blue"
"Piccadilly","North Ealing","Park Royal","Blue"
"Piccadilly","Northfields","Boston Manor","Blue"
"Piccadilly","Oakwood","Southgate","Blue"
"Piccadilly","Osterley","Hounslow East","Blue"
"Piccadilly","Park Royal","Alperton","Blue"
"Piccadilly","Piccadilly Circus","Green Park","Blue"
"Piccadilly","Rayners Lane","Eastcote","Blue"
"Piccadilly","Ruislip","Ickenham","Blue"
"Piccadilly","Ruislip Manor","Ruislip","Blue"
"Piccadilly","Russell Square","Holborn","Blue"
"Piccadilly","South Ealing","Northfields","Blue"
"Piccadilly","South Harrow","Rayners Lane","Blue"
"Piccadilly","South Harrow","Sudbury Hill","Blue"
"Piccadilly","South Kensington","Gloucester Road","Blue"
"Piccadilly","Southgate","Arnos Grove","Blue"
"Piccadilly","Sudbury Town","Sudbury Hill","Blue"
"Piccadilly","Turnham Green","Acton Town","Blue"
"Piccadilly","Turnpike Lane","Manor House","Blue"
"Piccadilly","Wood Green","Turnpike Lane","Blue"
"South Western","Barnes","Putney","Light blue"
"South Western","Barnes Bridge","Barnes","Light blue"
"South Western","Berrylands","Surbiton","Light blue"
"South Western","Brentford","Kew Bridge","Light blue"
"South Western","Chessington North","Chessington South","Light blue"
"South Western","Chiswick","Barnes Bridge","Light blue"
"South Western","Clapham Junction","Earlsfield","Light blue"
"South Western","Earlsfield","Wimbledon","Light blue"
"South Western","Feltham","Hounslow","Light blue"
"South Western","Fulwell","Hampton","Light blue"
"South Western","Hampton Wick","Teddington","Light blue"
"South Western","Hounslow","Isleworth","Light blue"
"South Western","Isleworth","Syon Lane","Light blue"
"South Western","Kew Bridge","Chiswick","Light blue"
"South Western","Kingston","Hampton Wick","Light blue"
"South Western","Malden Manor","Tolworth","Light blue"
"South Western","Mortlake","Barnes","Light blue"
"South Western","Motspur Park","Malden Manor","Light blue"
"South Western","Motspur Park","Worcester Park","Light blue"
"South Western","New Malden","Berrylands","Light blue"
"South Western","New Malden","Norbiton","Light blue"
"South Western","Norbiton","Kingston","Light blue"
"South Western","North Sheen","Mortlake","Light blue"
"South Western","Putney","Wandsworth Town","Light blue"
"South Western","Queenstown Road","Clapham Junction","Light blue"
"South Western","Raynes Park","Motspur Park","Light blue"
"South Western","Raynes Park","New Malden","Light blue"
"South Western","Richmond","North Sheen","Light blue"
"South Western","St Margarets","Richmond","Light blue"
"South Western","Stoneleigh","Ewell West","Light blue"
"South Western","Strawberry Hill","Twickenham","Light blue"
"South Western","Surbiton","Thames Ditton","Light blue"
"South Western","Syon Lane","Brentford","Light blue"
"South Western","Teddington","Fulwell","Light blue"
"South Western","Teddington","Strawberry Hill","Light blue"
"South Western","Thames Ditton","Hampton Court","Light blue"
"South Western","Tolworth","Chessington North","Light blue"
"South Western","Twickenham","St Margarets","Light blue"
"South Western","Twickenham","Whitton","Light blue"
"South Western","Vauxhall","Queenstown Road","Light blue"
"South Western","Wandsworth Town","Clapham Junction","Light blue"
"South Western","Waterloo","Vauxhall","Light blue"
"South Western","Whitton","Feltham","Light blue"
"South Western","Wimbledon","Raynes Park","Light blue"
"South Western","Worcester Park","Stoneleigh","Light blue"
"Southeastern","Abbey Wood","Belvedere","Blue"
"Southeastern","Albany Park","Bexley","Blue"
"Southeastern","Barnehurst","Slade Green","Blue"
"Southeastern","Beckenham Junction","Shortlands","Blue"
"Southeastern","Belvedere","Erith","Blue"
"Southeastern","Bexley","Crayford","Blue"
"Southeastern","Bexleyheath","Barnehurst","Blue"
"Southeastern","Bickley","Petts Wood","Blue"
"Southeastern","Bickley","St Mary Cray","Blue"
"Southeastern","Blackheath","Charlton","Blue"
"Southeastern","Blackheath","Kidbrooke","Blue"
"Southeastern","Brixton","Herne Hill","Blue"
"Southeastern","Bromley South","Bickley","Blue"
"Southeastern","Cannon Street","London Bridge","Blue"
"Southeastern","Catford Bridge","Lower Sydenham","Blue"
"Southeastern","Charing Cross","Waterloo East","Blue"
"Southeastern","Charlton","Woolwich Dockyard","Blue"
"Southeastern","Chelsfield","Knockholt","Blue"
"Southeastern","Chislehurst","Petts Wood","Blue"
"Southeastern","Clock House","Elmers End","Blue"
"Southeastern","Denmark Hill","Peckham Rye","Blue"
"Southeastern","Deptford","Greenwich","Blue"
"Southeastern","Eden Park","West Wickham","Blue"
"Southeastern","Elmers End","Eden Park","Blue"
"Southeastern","Elmstead Woods","Chislehurst","Blue"
"Southeastern","Eltham","Falconwood","Blue"
"Southeastern","Erith","Slade Green","Blue"
"Southeastern","Falconwood","Welling","Blue"
"Southeastern","Greenwich","Maze Hill","Blue"
"Southeastern","Grove Park","Elmstead Woods","Blue"
"Southeastern","Grove Park","Sundridge Park","Blue"
"Southeastern","Herne Hill","West Dulwich","Blue"
"Southeastern","Hither Green","Grove Park","Blue"
"Southeastern","Hither Green","Lee","Blue"
"Southeastern","Kent House","Beckenham Junction","Blue"
"Southeastern","Kidbrooke","Eltham","Blue"
"Southeastern","Ladywell","Catford Bridge","Blue"
"Southeastern","Lee","Mottingham","Blue"
"Southeastern","Lewisham","Blackheath","Blue"
"Southeastern","Lewisham","Hither Green","Blue"
"Southeastern","Lewisham","Ladywell","Blue"
"Southeastern","London Bridge","Deptford","Blue"
"Southeastern","London Bridge","New Cross","Blue"
"Southeastern","Lower Sydenham","New Beckenham","Blue"
"Southeastern","Maze Hill","Westcombe Park","Blue"
"Southeastern","Mottingham","New Eltham","Blue"
"Southeastern","New Beckenham","Clock House","Blue"
"Southeastern","New Cross","St Johns","Blue"
"Southeastern","New Eltham","Sidcup","Blue"
"Southeastern","Nunhead","Lewisham","Blue"
"Southeastern","Orpington","Chelsfield","Blue"
"Southeastern","Peckham Rye","Nunhead","Blue"
"Southeastern","Penge East","Kent House","Blue"
"Southeastern","Petts Wood","Orpington","Blue"
"Southeastern","Plumstead","Abbey Wood","Blue"
"Southeastern","Shortlands","Bromley South","Blue"
"Southeastern","Sidcup","Albany Park","Blue"
"Southeastern","St Johns","Lewisham","Blue"
"Southeastern","Sundridge Park","Bromley North","Blue"
"Southeastern","Sydenham Hill","Penge East","Blue"
"Southeastern","Victoria","Brixton","Blue"
"Southeastern","Victoria","Denmark Hill","Blue"
"Southeastern","Waterloo East","London Bridge","Blue"
"Southeastern","Welling","Bexleyheath","Blue"
"Southeastern","West Dulwich","Sydenham Hill","Blue"
"Southeastern","West Wickham","Hayes","Blue"
"Southeastern","Westcombe Park","Charlton","Blue"
"Southeastern","Woolwich Arsenal","Plumstead","Blue"
"Southeastern","Woolwich Dockyard","Woolwich Arsenal","Blue"
"Southern","Anerley","Norwood Junction","Green"
"Southern","Balham","Mitcham Eastfields","Green"
"Southern","Balham","Streatham Common","Green"
"Southern","Balham","Streatham Hill","Green"
"Southern","Balham","Tooting","Green"
"Southern","Banstead","Epsom Downs","Green"
"Southern","Battersea Park","Clapham Junction","Green"
"Southern","Belmont","Banstead","Green"
"Southern","Birkbeck","Beckenham Junction","Green"
"Southern","Brockley","Honor Oak Park","Green"
"Southern","Carshalton","Sutton","Green"
"Southern","Carshalton Beeches","Sutton","Green"
"Southern","Cheam","Ewell East","Green"
"Southern","Chipstead","Kingswood","Green"
"Southern","Clapham Junction","Imperial Wharf","Green"
"Southern","Clapham Junction","Wandsworth Common","Green"
"Southern","Coulsdon Town","Woodmansterne","Green"
"Southern","Crystal Palace","Birkbeck","Green"
"Southern","Crystal Palace","Gipsy Hill","Green"
"Southern","East Croydon","South Croydon","Green"
"Southern","East Dulwich","Peckham Rye","Green"
"Southern","Forest Hill","Sydenham","Green"
"Southern","Gipsy Hill","West Norwood","Green"
"Southern","Hackbridge","Carshalton","Green"
"Southern","Harrow and Wealdstone","Watford Junction","Green"
"Southern","Haydons Road","Wimbledon","Green"
"Southern","Honor Oak Park","Forest Hill","Green"
"Southern","Imperial Wharf","West Brompton","Green"
"Southern","Kenley","Whyteleafe","Green"
"Southern","Kensington","Shepherds Bush","Green"
"Southern","Kingswood","Tadworth","Green"
"Southern","London Bridge","New Cross Gate","Green"
"Southern","Mitcham Eastfields","Mitcham Junction","Green"
"Southern","Mitcham Junction","Hackbridge","Green"
"Southern","Morden South","St Helier","Green"
"Southern","New Cross Gate","Brockley","Green"
"Southern","Norbury","Thornton Heath","Green"
"Southern","North Dulwich","East Dulwich","Green"
"Southern","Norwood Junction","East Croydon","Green"
"Southern","Norwood Junction","West Croydon","Green"
"Southern","Peckham Rye","Queens Road Peckham","Green"
"Southern","Penge West","Anerley","Green"
"Southern","Purley","Coulsdon South","Green"
"Southern","Purley","Kenley","Green"
"Southern","Purley","Reedham","Green"
"Southern","Purley Oaks","Purley","Green"
"Southern","Queens Road Peckham","South Bermondsey","Green"
"Southern","Reedham","Coulsdon Town","Green"
"Southern","Riddlesdown","Upper Warlingham","Green"
"Southern","Sanderstead","Riddlesdown","Green"
"Southern","Selhurst","East Croydon","Green"
"Southern","Selhurst","West Croydon","Green"
"Southern","Shepherds Bush","Wembley Central","Green"
"Southern","South Bermondsey","London Bridge","Green"
"Southern","South Croydon","Purley Oaks","Green"
"Southern","South Croydon","Sanderstead","Green"
"Southern","South Merton","Morden South","Green"
"Southern","St Helier","Sutton Common","Green"
"Southern","Streatham","Mitcham Eastfields","Green"
"Southern","Streatham","Streatham Common","Green"
"Southern","Streatham Common","Norbury","Green"
"Southern","Streatham Hill","West Norwood","Green"
"Southern","Sutton","Belmont","Green"
"Southern","Sutton","Cheam","Green"
"Southern","Sutton Common","West Sutton","Green"
"Southern","Sydenham","Crystal Palace","Green"
"Southern","Sydenham","Penge West","Green"
"Southern","Tadworth","Tattenham Corner","Green"
"Southern","Thornton Heath","Selhurst","Green"
"Southern","Tooting","Haydons Road","Green"
"Southern","Tulse Hill","North Dulwich","Green"
"Southern","Tulse Hill","Streatham","Green"
"Southern","Tulse Hill","Streatham Hill","Green"
"Southern","Victoria","Battersea Park","Green"
"Southern","Waddon","Wallington","Green"
"Southern","Wallington","Carshalton Beeches","Green"
"Southern","Wandsworth Common","Balham","Green"
"Southern","Wembley Central","Harrow and Wealdstone","Green"
"Southern","West Brompton","Kensington","Green"
"Southern","West Croydon","Waddon","Green"
"Southern","West Norwood","Streatham Hill","Green"
"Southern","West Norwood","Tulse Hill","Green"
"Southern","West Sutton","Sutton","Green"
"Southern","Whyteleafe","Whyteleafe South","Green"
"Southern","Whyteleafe South","Caterham","Green"
"Southern","Wimbledon","Wimbledon Chase","Green"
"Southern","Wimbledon Chase","South Merton","Green"
"Southern","Woodmansterne","Chipstead","Green"
"TfL Rail","Acton Main Line","Paddington","Blue"
"TfL Rail","Brentwood","Shenfield","Blue"
"TfL Rail","Chadwell Heath","Romford","Blue"
"TfL Rail","Ealing Broadway","Acton Main Line","Blue"
"TfL Rail","Forest Gate","Manor Park","Blue"
"TfL Rail","Gidea Park","Harold Wood","Blue"
"TfL Rail","Goodmayes","Chadwell Heath","Blue"
"TfL Rail","Hanwell","West Ealing","Blue"
"TfL Rail","Harold Wood","Brentwood","Blue"
"TfL Rail","Hayes and Harlington","Southall","Blue"
"TfL Rail","Heathrow Terminal 4","Heathrow Terminals 1 2 3","Blue"
"TfL Rail","Heathrow Terminals 1 2 3","Hayes and Harlington","Blue"
"TfL Rail","Ilford","Seven Kings","Blue"
"TfL Rail","Liverpool Street","Stratford","Blue"
"TfL Rail","Manor Park","Ilford","Blue"
"TfL Rail","Maryland","Forest Gate","Blue"
"TfL Rail","Romford","Gidea Park","Blue"
"TfL Rail","Seven Kings","Goodmayes","Blue"
"TfL Rail","Southall","Hanwell","Blue"
"TfL Rail","Stratford","Maryland","Blue"
"TfL Rail","West Ealing","Ealing Broadway","Blue"
"Thameslink","Beckenham Hill","Bellingham","Pink"
"Thameslink","Beckenham Junction","Kent House","Pink"
"Thameslink","Bellingham","Catford","Pink"
"Thameslink","Bickley","Bromley South","Pink"
"Thameslink","Blackfriars","City Thameslink","Pink"
"Thameslink","Bromley South","Shortlands","Pink"
"Thameslink","Carshalton","Sutton","Pink"
"Thameslink","Catford","Crofton Park","Pink"
"Thameslink","City Thameslink","Farringdon","Pink"
"Thameslink","Cricklewood","Hendon","Pink"
"Thameslink","Crofton Park","Nunhead","Pink"
"Thameslink","Denmark Hill","Elephant and Castle","Pink"
"Thameslink","East Croydon","Purley","Pink"
"Thameslink","Elephant and Castle","Blackfriars","Pink"
"Thameslink","Farringdon","St Pancras","Pink"
"Thameslink","Hackbridge","Carshalton","Pink"
"Thameslink","Haydons Road","Tooting","Pink"
"Thameslink","Hendon","Mill Hill Broadway","Pink"
"Thameslink","Herne Hill","Loughborough Junction","Pink"
"Thameslink","Herne Hill","Tulse Hill","Pink"
"Thameslink","Kent House","Penge East","Pink"
"Thameslink","Kentish Town","West Hampstead Thameslink","Pink"
"Thameslink","London Bridge","East Croydon","Pink"
"Thameslink","Loughborough Junction","Elephant and Castle","Pink"
"Thameslink","Mill Hill Broadway","Elstree and Borehamwood","Pink"
"Thameslink","Mitcham Eastfields","Mitcham Junction","Pink"
"Thameslink","Mitcham Junction","Hackbridge","Pink"
"Thameslink","Morden South","South Merton","Pink"
"Thameslink","Nunhead","Peckham Rye","Pink"
"Thameslink","Orpington","Petts Wood","Pink"
"Thameslink","Peckham Rye","Denmark Hill","Pink"
"Thameslink","Penge East","Sydenham Hill","Pink"
"Thameslink","Petts Wood","Bickley","Pink"
"Thameslink","Purley","Coulsdon South","Pink"
"Thameslink","Ravensbourne","Beckenham Hill","Pink"
"Thameslink","Shortlands","Beckenham Junction","Pink"
"Thameslink","Shortlands","Ravensbourne","Pink"
"Thameslink","South Merton","Wimbledon Chase","Pink"
"Thameslink","St Helier","Morden South","Pink"
"Thameslink","St Mary Cray","Bickley","Pink"
"Thameslink","St Pancras","Kentish Town","Pink"
"Thameslink","Streatham","Mitcham Eastfields","Pink"
"Thameslink","Sutton","West Sutton","Pink"
"Thameslink","Sutton Common","St Helier","Pink"
"Thameslink","Sydenham Hill","West Dulwich","Pink"
"Thameslink","Tooting","Streatham","Pink"
"Thameslink","Tulse Hill","East Croydon","Pink"
"Thameslink","Tulse Hill","Streatham","Pink"
"Thameslink","West Dulwich","Herne Hill","Pink"
"Thameslink","West Hampstead Thameslink","Cricklewood","Pink"
"Thameslink","West Sutton","Sutton Common","Pink"
"Thameslink","Wimbledon","Haydons Road","Pink"
"Thameslink","Wimbledon Chase","Wimbledon","Pink"
"Tramlink","Addington Village","Fieldway","Light green"
"Tramlink","Addiscombe","Blackhorse Lane","Light green"
"Tramlink","Ampere Way","Waddon Marsh","Light green"
"Tramlink","Arena","Elmers End","Light green"
"Tramlink","Arena","Harrington Road","Light green"
"Tramlink","Avenue Road","Beckenham Road","Light green"
"Tramlink","Beckenham Road","Beckenham Junction","Light green"
"Tramlink","Beddington Lane","Therapia Lane","Light green"
"Tramlink","Belgrave Walk","Mitcham","Light green"
"Tramlink","Birkbeck","Avenue Road","Light green"
"Tramlink","Blackhorse Lane","Woodside","Light green"
"Tramlink","Centrale","West Croydon","Light green"
"Tramlink","Church Street","Centrale","Light green"
"Tramlink","Coombe Lane","Gravel Hill","Light green"
"Tramlink","Dundonald Road","Merton Park","Light green"
"Tramlink","East Croydon","George Street","Light green"
"Tramlink","East Croydon","Lebanon Road","Light green"
"Tramlink","Fieldway","King Henry's Drive","Light green"
"Tramlink","George Street","Church Street","Light green"
"Tramlink","Gravel Hill","Addington Village","Light green"
"Tramlink","Harrington Road","Birkbeck","Light green"
"Tramlink","King Henry's Drive","New Addington","Light green"
"Tramlink","Lebanon Road","Sandilands","Light green"
"Tramlink","Lloyd Park","Coombe Lane","Light green"
"Tramlink","Merton Park","Morden Road","Light green"
"Tramlink","Mitcham","Mitcham Junction","Light green"
"Tramlink","Mitcham Junction","Beddington Lane","Light green"
"Tramlink","Morden Road","Phipps Bridge","Light green"
"Tramlink","Phipps Bridge","Belgrave Walk","Light green"
"Tramlink","Reeves Corner","Centrale","Light green"
"Tramlink","Sandilands","Addiscombe","Light green"
"Tramlink","Sandilands","Lloyd Park","Light green"
"Tramlink","Therapia Lane","Ampere Way","Light green"
"Tramlink","Waddon Marsh","Wandle Park","Light green"
"Tramlink","Wandle Park","Reeves Corner","Light green"
"Tramlink","Wellesley Road","East Croydon","Light green"
"Tramlink","West Croydon","Wellesley Road","Light green"
"Tramlink","Wimbledon","Dundonald Road","Light green"
"Tramlink","Woodside","Arena","Light green"
"Victoria","Blackhorse Road","Tottenham Hale","Light blue"
"Victoria","Euston","Warren Street","Light blue"
"Victoria","Finsbury Park","Highbury and Islington","Light blue"
"Victoria","Green Park","Victoria","Light blue"
"Victoria","Highbury and Islington","Kings Cross St. Pancras","Light blue"
"Victoria","Kings Cross St. Pancras","Euston","Light blue"
"Victoria","Oxford Circus","Green Park","Light blue"
"Victoria","Pimlico","Vauxhall","Light blue"
"Victoria","Seven Sisters","Finsbury Park","Light blue"
"Victoria","Stockwell","Brixton","Light blue"
"Victoria","Tottenham Hale","Seven Sisters","Light blue"
"Victoria","Vauxhall","Stockwell","Light blue"
"Victoria","Victoria","Pimlico","Light blue"
"Victoria","Walthamstow Central","Blackhorse Road","Light blue"
"Victoria","Warren Street","Oxford Circus","Light blue"
"Waterloo and City","Waterloo","Bank","Turquoise"
